Date;AMZN;NFLX;PFE;AAPL;NKE
01/02/2016;574.809998;94.089996;23.479630;22.301582;59.697193
02/02/2016;552.099976;91.489998;23.456278;21.850603;59.120644
03/02/2016;531.070007;90.739998;23.322649;22.283085;59.063934
04/02/2016;536.260010;89.709999;22.795988;22.462126;56.871132
05/02/2016;502.130005;82.790001;22.819571;21.862209;54.035599
08/02/2016;488.100006;83.320000;22.450113;22.092409;52.022385
09/02/2016;482.070007;86.129997;22.874592;22.087757;52.627304
10/02/2016;490.480011;88.449997;23.181162;21.920340;54.262451
11/02/2016;503.820007;86.349998;22.898178;21.787796;52.929756
12/02/2016;507.079987;87.400002;23.078970;21.855232;53.326721
16/02/2016;521.099976;89.050003;23.432701;22.471428;54.621616
17/02/2016;534.099976;94.760002;23.291204;22.815565;54.980778
18/02/2016;525.000000;90.489998;23.228329;22.383070;55.387203
19/02/2016;534.900024;89.230003;23.181162;22.331917;56.058281
22/02/2016;559.500000;91.930000;23.621361;22.527231;56.871132
23/02/2016;552.940002;89.120003;23.550610;22.018002;56.908928
24/02/2016;554.039978;91.610001;23.597775;22.345863;57.088516
25/02/2016;555.150024;94.529999;24.045830;22.499331;58.959965
26/02/2016;555.229980;94.790001;23.762852;22.534208;59.167908
29/02/2016;552.520020;93.410004;23.322649;22.483057;58.213272
01/03/2016;579.039978;98.300003;23.613495;23.375963;59.470360
02/03/2016;580.210022;97.610001;23.566334;23.427116;58.808739
03/03/2016;577.489990;97.930000;23.495590;23.601511;58.249649
04/03/2016;575.140015;101.580002;23.354097;23.952627;58.050648
07/03/2016;562.799988;95.489998;23.416979;23.687551;56.145950
08/03/2016;560.260010;96.230003;23.078970;23.492224;56.676613
09/03/2016;559.469971;98.000000;23.377676;23.513155;55.274147
10/03/2016;558.929993;97.360001;23.259768;23.524775;55.795338
11/03/2016;569.609985;97.660004;23.975088;23.778234;56.932465
14/03/2016;573.369995;98.129997;23.660664;23.838688;57.624229
15/03/2016;577.020020;97.860001;23.220463;24.317701;58.183319
16/03/2016;574.270020;99.349998;22.827431;24.640911;58.619221
17/03/2016;559.440002;99.720001;23.063255;24.601379;59.870068
18/03/2016;552.080017;101.120003;23.149717;24.629284;59.690014
21/03/2016;553.979980;101.059998;23.637081;24.626959;61.329388
22/03/2016;560.479980;99.839996;23.880758;24.815302;61.499962
23/03/2016;569.630005;99.589996;23.731407;24.678110;59.168831
24/03/2016;582.950012;98.360001;23.644939;24.571148;58.420227
28/03/2016;579.869995;101.209999;23.409119;24.459534;58.126457
29/03/2016;593.859985;104.129997;23.621361;25.038527;58.268597
30/03/2016;598.690002;102.190002;23.637081;25.475679;58.789787
31/03/2016;593.640015;102.230003;23.299070;25.343138;58.249649
01/04/2016;598.500000;105.699997;23.613495;25.575666;58.363358
04/04/2016;593.190002;104.349998;24.148024;25.838421;56.828239
05/04/2016;586.140015;104.940002;24.651110;25.533810;56.543941
06/04/2016;602.080017;104.830002;25.885231;25.801216;57.150417
07/04/2016;591.429993;104.449997;25.751604;25.238501;57.140942
08/04/2016;594.599976;103.809998;25.547228;25.266407;56.307041
11/04/2016;595.929993;102.680000;25.067722;25.350115;54.885624
12/04/2016;603.169983;106.980003;25.122749;25.680305;55.482620
13/04/2016;614.820007;109.650002;25.578667;26.052345;56.458664
14/04/2016;620.750000;110.419998;25.665136;26.066298;56.373379
15/04/2016;625.890015;111.510002;25.547228;25.543112;56.382851
18/04/2016;635.349976;108.400002;25.633696;24.992023;56.449181
19/04/2016;627.900024;94.339996;25.853790;24.859484;56.439720
20/04/2016;632.989990;96.769997;26.121058;24.910643;56.496571
21/04/2016;631.000000;94.980003;26.128920;24.640911;56.932465
22/04/2016;620.500000;95.900002;26.152498;24.573479;56.316517
25/04/2016;626.200012;93.559998;26.105337;24.433960;56.108047
26/04/2016;616.880005;92.430000;25.979563;24.264212;56.420753
27/04/2016;606.570007;91.040001;25.940260;22.745811;56.164894
28/04/2016;602.000000;90.279999;25.869516;22.050558;55.473156
29/04/2016;659.590027;90.029999;25.712297;21.797100;55.852184
02/05/2016;683.849976;93.110001;25.783049;21.773848;56.468136
03/05/2016;671.320007;91.540001;26.490507;22.131937;56.401802
04/05/2016;670.900024;90.790001;26.254686;21.901741;56.013275
05/05/2016;659.090027;89.370003;26.388323;21.812840;55.141483
06/05/2016;673.950012;90.839996;26.396175;21.691189;55.368912
09/05/2016;679.750000;90.540001;26.584839;21.707569;55.643719
10/05/2016;703.070007;92.889999;26.569113;21.854948;56.098568
11/05/2016;713.229980;90.019997;26.299459;21.642059;54.023293
12/05/2016;717.929993;87.739998;26.323256;21.134403;54.951962
13/05/2016;709.919983;87.879997;26.323256;21.176514;54.307587
16/05/2016;710.659973;89.120003;26.473940;21.962561;54.146500
17/05/2016;695.270020;88.629997;26.196358;21.871321;54.108589
18/05/2016;697.450012;90.500000;26.307386;22.121643;53.179920
19/05/2016;698.520020;89.550003;26.473940;22.037428;54.051731
20/05/2016;702.799988;92.489998;26.759462;22.276043;53.521065
23/05/2016;696.750000;94.889999;26.703945;22.559116;53.056740
24/05/2016;704.200012;97.889999;27.044979;22.903015;53.625301
25/05/2016;708.349976;100.199997;27.243258;23.305397;53.056740
26/05/2016;714.909973;102.809998;27.306711;23.490213;52.914604
27/05/2016;712.239990;103.300003;27.449461;23.476171;53.246258
31/05/2016;722.789978;102.570000;27.520842;23.361542;52.327084
01/06/2016;719.440002;101.510002;27.560499;23.034023;52.052273
02/06/2016;728.239990;101.250000;27.655678;22.860905;51.824177
03/06/2016;725.539978;99.589996;27.512915;22.907692;50.797779
06/06/2016;726.729980;100.739998;27.703262;23.073790;51.605591
07/06/2016;723.739990;99.889999;27.631874;23.167370;50.892807
08/06/2016;726.640015;97.860001;27.957056;23.146317;51.434521
09/06/2016;727.650024;97.089996;28.004644;23.312412;52.213837
10/06/2016;717.909973;93.750000;27.988775;23.120579;52.375397
13/06/2016;715.239990;93.849998;27.552568;22.772001;52.185326
14/06/2016;719.299988;94.120003;27.750845;22.800076;51.434521
15/06/2016;714.260010;94.290001;27.592220;22.725216;51.615097
16/06/2016;717.510010;95.440002;27.560499;22.821135;50.816776
17/06/2016;706.390015;94.449997;27.140154;22.301785;51.044872
20/06/2016;714.010010;93.800003;27.362219;22.247978;51.662617
21/06/2016;715.820007;90.989998;27.560499;22.437468;52.052265
22/06/2016;710.599976;90.010002;27.338427;22.353247;51.862198
23/06/2016;722.080017;91.660004;27.433599;22.481915;51.434521
24/06/2016;698.960022;88.440002;26.941877;21.850271;49.980446
27/06/2016;691.359985;85.330002;26.807047;21.532110;49.315182
28/06/2016;707.950012;87.970001;27.314634;21.894722;50.455635
29/06/2016;715.599976;91.059998;27.766705;22.084213;52.394402
30/06/2016;715.619995;91.480003;27.925329;22.364946;52.460938
01/07/2016;725.679993;96.669998;28.210852;22.432791;52.850578
05/07/2016;728.099976;97.910004;28.401196;22.222239;52.460938
06/07/2016;737.609985;94.599998;28.440847;22.348570;53.031158
07/07/2016;736.570007;95.099998;28.369469;22.444483;53.145210
08/07/2016;745.809998;97.059998;28.647053;22.617603;53.905518
11/07/2016;753.780029;94.669998;28.670853;22.687780;54.010052
12/07/2016;748.210022;95.970001;28.742229;22.790722;55.179020
13/07/2016;742.630005;96.430000;28.797749;22.662050;55.112492
14/07/2016;741.200012;98.019997;29.281542;23.111225;55.587685
15/07/2016;735.440002;98.389999;29.162577;23.108885;54.998444
18/07/2016;736.070007;98.809998;29.059479;23.354523;54.874901
19/07/2016;739.950012;85.839996;29.059479;23.363882;54.893906
20/07/2016;745.719971;87.910004;29.091196;23.384943;54.893906
21/07/2016;744.429993;85.989998;29.114996;23.260948;54.162121
22/07/2016;744.859985;85.889999;29.138783;23.080814;53.915012
25/07/2016;739.609985;87.660004;29.170504;22.772001;54.304676
26/07/2016;735.590027;91.410004;29.210159;22.615261;53.572872
27/07/2016;736.669983;92.040001;29.226025;24.084423;53.021660
28/07/2016;752.609985;91.650002;29.083269;24.409603;52.698528
29/07/2016;758.809998;91.250000;29.257750;24.379189;52.746052
01/08/2016;767.739990;94.370003;29.590855;24.809647;52.660511
02/08/2016;760.580017;93.559998;28.861195;24.442360;52.194828
03/08/2016;754.640015;93.099998;28.221437;24.748821;52.033260
04/08/2016;760.770020;93.440002;28.109482;24.901709;52.071278
05/08/2016;765.979980;97.029999;28.341389;25.280399;53.078678
08/08/2016;766.559998;95.110001;27.933542;25.489735;53.202240
09/08/2016;768.309998;93.989998;28.053497;25.593224;53.002647
10/08/2016;768.559998;93.930000;28.093483;25.402708;52.394402
11/08/2016;771.239990;95.889999;28.109482;25.386244;53.915012
12/08/2016;772.559998;96.589996;27.973532;25.445040;53.648903
15/08/2016;768.489990;95.309998;28.077490;25.750818;53.953026
16/08/2016;764.039978;95.120003;27.821583;25.727297;54.057579
17/08/2016;764.630005;96.370003;28.101475;25.689667;54.038563
18/08/2016;764.460022;96.160004;28.141464;25.656736;54.371189
19/08/2016;757.309998;95.870003;27.973532;25.722595;55.977337
22/08/2016;759.479980;95.260002;27.861570;25.522665;55.749249
23/08/2016;762.450012;95.940002;28.061501;25.602634;56.661617
24/08/2016;757.250000;95.180000;27.845575;25.409765;57.231842
25/08/2016;759.219971;97.320000;27.805593;25.301565;56.300472
26/08/2016;769.000000;97.580002;27.845575;25.153379;56.072369
29/08/2016;771.289978;97.300003;28.077490;25.125162;55.720737
30/08/2016;767.580017;97.449997;27.893562;24.932287;55.121994
31/08/2016;769.159973;97.449997;27.829588;24.955809;54.779861
01/09/2016;770.619995;97.379997;27.733622;25.103992;55.790073
02/09/2016;772.440002;97.379997;27.805593;25.339201;55.294495
06/09/2016;788.869995;100.089996;27.805593;25.332144;54.713146
07/09/2016;784.479980;99.150002;27.861570;25.487383;55.008587
08/09/2016;784.059998;99.660004;27.765604;24.819384;53.531395
09/09/2016;760.140015;96.500000;27.269794;24.257231;52.730858
12/09/2016;771.489990;99.050003;27.709627;24.800570;53.378914
13/09/2016;761.010010;96.089996;27.221809;25.390945;52.768982
14/09/2016;761.090027;97.010002;27.141838;26.289452;52.540257
15/09/2016;769.690002;97.339996;27.301785;27.183249;52.864277
16/09/2016;778.520020;99.480003;27.141838;27.030363;52.587898
19/09/2016;775.099976;98.059998;26.909927;26.715181;52.368710
20/09/2016;780.219971;98.250000;27.037882;26.712826;52.292461
21/09/2016;789.739990;94.879997;27.413742;26.708122;52.740391
22/09/2016;804.700012;95.830002;27.309776;26.959799;52.807098
23/09/2016;805.750000;95.940002;27.397743;26.510548;52.559319
26/09/2016;799.159973;94.559998;26.901932;26.550533;51.844551
27/09/2016;816.109985;97.070000;27.053873;26.599924;52.740391
28/09/2016;828.719971;97.480003;27.181828;26.802208;50.748569
29/09/2016;829.049988;96.669998;26.646030;26.385885;49.709770
30/09/2016;837.309998;98.550003;27.085861;26.590519;50.176746
03/10/2016;836.739990;102.629997;26.933916;26.465857;50.195801
04/10/2016;834.030029;102.339996;26.965904;26.578756;49.690701
05/10/2016;844.359985;106.279999;27.109856;26.590519;49.671650
06/10/2016;841.659973;105.070000;26.909927;26.788094;49.585873
07/10/2016;839.429993;104.820000;26.837957;26.828075;49.357147
10/10/2016;841.710022;103.330002;26.877939;27.296154;49.357147
11/10/2016;831.000000;100.589996;26.494085;27.354954;49.385731
12/10/2016;834.090027;99.500000;26.446104;27.599573;49.976608
13/10/2016;829.280029;100.230003;26.198195;27.514896;49.585873
14/10/2016;822.960022;101.470001;26.118227;27.667780;49.195137
17/10/2016;812.950012;99.800003;25.990273;27.648966;48.632851
18/10/2016;817.650024;118.790001;26.142216;27.630150;48.813931
19/10/2016;817.690002;121.870003;26.070242;27.547821;49.366676
20/10/2016;810.320007;123.349998;26.022264;27.533712;49.452450
21/10/2016;818.989990;127.500000;25.734367;27.425516;49.338081
24/10/2016;838.090027;127.330002;25.694380;27.672491;49.433388
25/10/2016;835.179993;126.510002;25.814337;27.813614;48.651909
26/10/2016;822.590027;126.970001;25.910303;27.187952;49.528694
27/10/2016;818.359985;126.470001;25.974277;26.926868;49.452450
28/10/2016;776.320007;126.570000;25.534445;26.748108;49.576344
31/10/2016;789.820007;124.870003;25.358507;26.705769;47.822777
01/11/2016;785.409973;123.300003;24.846701;26.223593;47.289085
02/11/2016;765.559998;122.339996;24.494831;26.247110;47.384392
03/11/2016;767.030029;122.139999;23.903055;25.965776;47.393913
04/11/2016;755.049988;122.029999;23.991016;25.731720;47.613117
07/11/2016;784.929993;124.580002;24.294903;26.102900;48.518490
08/11/2016;787.750000;124.339996;24.230295;26.256563;48.680508
09/11/2016;771.880005;122.190002;25.942570;26.214012;48.718624
10/11/2016;742.380005;115.419998;27.049084;25.483482;48.022915
11/11/2016;739.010010;114.779999;26.322174;25.634789;48.385067
14/11/2016;719.070007;113.379997;26.152563;24.991735;47.851368
15/11/2016;743.239990;113.589996;26.031412;25.322718;47.775124
16/11/2016;746.489990;115.190002;25.813337;26.003603;48.299297
17/11/2016;756.400024;115.029999;25.627575;25.994146;49.166550
18/11/2016;760.159973;115.209999;25.425652;26.020147;48.699570
21/11/2016;780.000000;117.959999;25.498343;26.414972;48.871109
22/11/2016;785.330017;118.040001;25.304499;26.431519;49.280899
23/11/2016;780.119995;117.690002;25.377195;26.296761;48.928288
25/11/2016;780.369995;117.410004;25.595266;26.429152;49.099834
28/11/2016;766.770020;116.930000;25.474117;26.377140;48.613792
29/11/2016;762.520020;117.510002;25.781033;26.351133;48.251644
30/11/2016;750.570007;117.000000;25.958719;26.128902;47.717949
01/12/2016;743.650024;117.220001;25.409500;25.885395;48.444851
02/12/2016;740.340027;120.809998;25.546804;25.982323;48.263126
05/12/2016;759.359985;119.160004;25.514500;25.795553;49.592617
06/12/2016;764.719971;124.570000;25.490269;25.994146;48.368347
07/12/2016;770.419983;125.389999;25.191427;26.249474;49.831726
08/12/2016;767.330017;123.239998;24.989506;26.507175;49.305676
09/12/2016;768.659973;122.879997;25.603342;26.939817;49.468281
12/12/2016;760.119995;122.830002;26.168718;26.786144;49.296116
13/12/2016;774.340027;123.779999;26.516020;27.232977;50.023018
14/12/2016;768.820007;123.440002;26.507940;27.232977;49.535233
15/12/2016;761.000000;125.000000;26.451399;27.381918;49.056992
16/12/2016;757.770020;124.220001;26.524096;27.417383;48.703110
19/12/2016;766.000000;125.449997;26.516020;27.575779;48.636154
20/12/2016;771.219971;125.120003;26.532171;27.649071;49.535233
21/12/2016;770.599976;126.500000;26.168718;27.675074;50.023018
22/12/2016;766.340027;125.580002;26.120258;27.493036;49.869984
23/12/2016;760.590027;125.589996;26.233330;27.547411;49.650013
27/12/2016;771.400024;128.350006;26.273714;27.722363;49.056992
28/12/2016;772.130005;125.889999;26.128332;27.604153;48.798756
29/12/2016;765.150024;125.330002;26.241405;27.597061;48.837013
30/12/2016;749.869995;123.800003;26.233330;27.381918;48.617027
03/01/2017;753.669983;127.489998;26.653324;27.459938;49.716949
04/01/2017;757.179993;129.410004;26.887548;27.429203;50.759506
05/01/2017;780.450012;131.809998;27.146002;27.568691;50.749939
06/01/2017;795.989990;131.070007;27.041008;27.876030;51.562931
09/01/2017;796.919983;130.949997;27.032928;28.131361;51.056004
10/01/2017;795.900024;129.889999;27.008699;28.159733;50.797768
11/01/2017;799.020020;130.500000;26.516020;28.311039;50.396038
12/01/2017;813.640015;129.179993;26.330248;28.192831;50.118668
13/01/2017;817.140015;133.699997;26.265636;28.143188;50.616032
17/01/2017;809.719971;132.889999;25.894106;28.370150;51.314251
18/01/2017;807.479980;133.259995;25.869871;28.367781;50.950787
19/01/2017;809.039978;138.410004;25.603342;28.318136;50.625599
20/01/2017;808.330017;138.600006;25.659882;28.370150;50.883850
23/01/2017;817.880005;137.389999;25.409500;28.389057;50.922100
24/01/2017;822.440002;140.110001;25.159119;28.363052;51.122952
25/01/2017;836.520020;139.520004;25.272194;28.814610;51.515110
26/01/2017;839.150024;138.960007;25.264120;28.828796;51.314251
27/01/2017;835.770020;142.449997;25.377195;28.831160;50.874275
30/01/2017;830.380005;141.220001;25.288347;28.755507;50.769077
31/01/2017;823.479980;140.710007;25.627575;28.689308;50.596901
01/02/2017;832.349976;140.779999;25.839710;30.438799;50.711685
02/02/2017;839.950012;139.199997;25.888662;30.386791;50.501255
03/02/2017;810.200012;140.250000;26.182394;30.516821;50.080414
06/02/2017;807.640015;140.970001;26.296619;30.802887;50.501255
07/02/2017;812.500000;144.000000;26.174232;31.096045;50.510818
08/02/2017;819.710022;144.740005;26.223183;31.216612;51.534233
09/02/2017;821.359985;144.139999;26.419001;31.442188;52.901981
10/02/2017;827.460022;144.820007;26.394524;31.370947;53.772366
13/02/2017;836.530029;143.199997;26.606663;31.648762;53.648026
14/02/2017;836.390015;140.820007;26.720882;32.059544;53.992344
15/02/2017;842.700012;142.270004;27.340973;32.175884;54.174076
16/02/2017;844.140015;142.009995;27.430721;32.137894;53.839310
17/02/2017;845.070007;142.220001;27.430721;32.225754;54.279282
21/02/2017;856.440002;142.600006;27.430721;32.458447;54.862728
22/02/2017;855.609985;143.860001;27.406246;32.555794;55.704418
23/02/2017;852.190002;142.779999;27.789726;32.418076;54.891426
24/02/2017;845.239990;143.250000;27.952898;32.448948;55.340961
27/02/2017;848.640015;143.410004;27.969221;32.513054;55.178360
28/02/2017;845.039978;142.130005;27.838676;32.527302;54.671436
01/03/2017;853.080017;142.649994;28.083452;33.192142;55.427040
02/03/2017;848.909973;139.529999;28.156879;32.995064;55.455830
03/03/2017;849.880005;139.139999;28.165035;33.189762;54.400429
06/03/2017;846.609985;141.940002;28.026333;33.085289;54.467606
07/03/2017;846.020020;141.429993;27.732613;33.128029;54.256523
08/03/2017;850.500000;140.320007;27.667337;33.004562;54.218143
09/03/2017;853.000000;140.529999;27.781561;32.928577;54.074230
10/03/2017;852.460022;140.889999;27.830519;33.037796;54.141388
13/03/2017;854.590027;143.520004;27.830519;33.052044;54.371658
14/03/2017;852.530029;143.190002;27.920267;33.002182;54.956909
15/03/2017;852.969971;145.250000;28.254789;33.351227;55.321503
16/03/2017;853.419983;144.389999;28.091606;33.405842;55.263935
17/03/2017;852.309998;145.110001;28.001856;33.239635;55.455830
20/03/2017;856.969971;145.830002;28.050808;33.588676;56.300133
21/03/2017;843.200012;142.419998;27.944742;33.204002;55.657303
22/03/2017;848.059998;142.649994;28.124235;33.579170;51.733189
23/03/2017;847.380005;141.839996;27.977377;33.460449;53.124378
24/03/2017;845.609985;142.020004;27.740767;33.393963;54.074230
27/03/2017;846.820007;144.059998;27.887634;33.450958;53.661671
28/03/2017;856.000000;145.169998;27.871307;34.144287;54.323685
29/03/2017;874.320007;146.470001;28.010017;34.220264;54.381241
30/03/2017;876.340027;148.059998;28.026333;34.175156;53.767204
31/03/2017;886.539978;147.809998;27.912109;34.111042;53.469780
03/04/2017;891.510010;146.919998;27.936584;34.120541;53.306679
04/04/2017;906.830017;145.500000;28.018179;34.374607;52.807762
05/04/2017;909.280029;143.619995;27.895792;34.196522;52.750202
06/04/2017;898.280029;143.740005;27.830519;34.111042;52.903702
07/04/2017;894.880005;143.110001;27.822355;34.035061;52.874924
10/04/2017;907.039978;143.850006;27.773403;33.994701;52.673443
11/04/2017;902.359985;144.350006;27.683655;33.629044;52.692631
12/04/2017;896.229980;143.830002;27.675495;33.669403;53.316269
13/04/2017;884.669983;142.919998;27.642859;33.491325;53.095596
17/04/2017;901.989990;147.250000;27.740767;33.676521;53.959095
18/04/2017;903.780029;143.360001;27.610220;33.526943;53.834366
19/04/2017;899.200012;139.759995;27.422564;33.403461;53.594498
20/04/2017;902.059998;141.179993;27.528633;33.821369;54.112602
21/04/2017;898.530029;142.869995;27.447042;33.780998;53.584908
24/04/2017;907.409973;143.830002;27.528633;34.106297;53.220325
25/04/2017;907.619995;152.160004;27.544949;34.317619;53.201134
26/04/2017;909.289978;150.169998;27.618383;34.115788;52.922894
27/04/2017;918.380005;153.080002;27.626537;34.141903;53.220325
28/04/2017;924.989990;152.199997;27.675495;34.108673;53.162758
01/05/2017;948.229980;155.350006;27.561270;34.804371;52.759789
02/05/2017;946.940002;156.449997;27.422564;35.025200;52.836540
03/05/2017;941.030029;155.589996;27.308336;34.918350;52.318439
04/05/2017;937.530029;157.250000;27.292019;34.792503;52.260880
05/05/2017;934.150024;156.600006;27.316496;35.369492;51.761967
08/05/2017;949.039978;156.380005;27.292019;36.331139;52.097771
09/05/2017;952.820007;157.460007;27.234903;36.563831;52.663837
10/05/2017;948.950012;160.279999;27.210192;36.390495;52.347225
11/05/2017;947.619995;158.539993;27.218428;36.705208;52.040207
12/05/2017;961.349976;160.809998;27.193722;37.217823;52.001835
15/05/2017;957.969971;160.020004;27.284338;37.122452;51.589264
16/05/2017;966.070007;159.410004;26.855955;37.067619;50.639416
17/05/2017;944.760010;153.199997;26.551151;35.823048;49.699158
18/05/2017;958.489990;155.699997;26.542913;36.369038;49.584030
19/05/2017;959.840027;157.020004;26.740623;36.493019;49.670387
22/05/2017;970.669983;157.160004;26.460533;36.714752;49.478485
23/05/2017;971.539978;157.949997;26.477005;36.669449;50.082947
24/05/2017;980.349976;157.750000;26.402870;36.559772;49.900646
25/05/2017;993.380005;163.050003;26.493486;36.686138;50.226849
26/05/2017;995.780029;162.429993;26.477005;36.624149;50.457127
30/05/2017;996.700012;163.220001;26.468769;36.638451;50.773739
31/05/2017;994.619995;163.070007;26.897148;36.421490;50.840900
01/06/2017;995.950012;162.990005;26.946573;36.521626;50.349915
02/06/2017;1006.729980;165.179993;26.806530;37.062847;51.004559
05/06/2017;1011.340027;165.059998;26.650007;36.700447;51.033443
06/06/2017;1003.000000;165.169998;26.419340;36.824417;50.523193
07/06/2017;1010.070007;165.610001;26.361679;37.043770;51.245235
08/06/2017;1010.270020;165.880005;26.155727;36.953171;51.216370
09/06/2017;978.309998;158.029999;26.996002;35.520245;51.466663
12/06/2017;964.909973;151.440002;26.938337;34.671463;52.015411
13/06/2017;980.789978;152.720001;26.839483;34.950420;52.284977
14/06/2017;976.469971;152.199997;26.930103;34.609474;52.621929
15/06/2017;964.169983;151.759995;27.028955;34.402042;50.927547
16/06/2017;987.710022;152.380005;27.160761;33.920437;49.194656
19/06/2017;995.169983;153.399994;27.366713;34.890816;50.080360
20/06/2017;992.590027;152.050003;27.646807;34.573723;49.637512
21/06/2017;1002.229980;155.029999;27.910425;34.778755;50.629108
22/06/2017;1001.299988;154.889999;28.058710;34.721539;50.446194
23/06/2017;1003.739990;158.020004;28.149326;34.876507;50.879417
26/06/2017;993.979980;157.500000;28.042233;34.766838;51.293381
27/06/2017;976.780029;151.029999;27.819807;34.268524;50.975681
28/06/2017;990.330017;153.410004;27.803331;34.769218;51.370403
29/06/2017;975.929993;150.089996;27.704472;34.256607;51.187481
30/06/2017;968.000000;149.410004;27.671520;34.337669;56.800098
03/07/2017;953.659973;146.169998;27.860996;34.213696;56.463146
05/07/2017;971.400024;147.610001;27.712708;34.354362;55.413792
06/07/2017;965.140015;146.250000;27.366713;34.030106;55.028709
07/07/2017;978.760010;150.179993;27.473812;34.375809;55.818134
10/07/2017;996.469971;152.669998;27.523235;34.585625;56.540165
11/07/2017;994.130005;154.330002;27.325525;34.697689;56.010674
12/07/2017;1006.510010;158.750000;27.366713;34.747765;56.049194
13/07/2017;1000.630005;158.210007;27.416142;35.231762;55.779625
14/07/2017;1001.809998;161.119995;27.539715;35.534557;55.837376
17/07/2017;1010.039978;161.699997;27.391430;35.658535;55.635227
18/07/2017;1024.449951;183.600006;27.482046;35.782524;55.500443
19/07/2017;1026.869995;183.860001;27.696232;36.006630;55.615959
20/07/2017;1028.699951;183.600006;27.630331;35.844505;56.896374
21/07/2017;1025.670044;188.539993;27.580904;35.827812;57.714676
24/07/2017;1038.949951;187.910004;27.449099;36.261749;56.751968
25/07/2017;1039.869995;186.970001;27.267859;36.416725;57.175556
26/07/2017;1052.800049;189.080002;27.094858;36.588387;56.183960
27/07/2017;1046.000000;182.679993;27.185478;35.896961;55.981796
28/07/2017;1020.039978;184.039993;27.309048;35.644234;56.482399
31/07/2017;987.780029;181.660004;27.317287;35.460644;56.848232
01/08/2017;996.190002;182.029999;27.251379;35.775372;57.608780
02/08/2017;995.890015;180.740005;27.384478;37.465775;57.560642
03/08/2017;986.919983;179.229996;27.808722;37.091457;57.897594
04/08/2017;987.580017;180.270004;27.983408;37.286964;57.531757
07/08/2017;992.270020;181.330002;27.708897;37.863949;57.560642
08/08/2017;989.840027;178.360001;27.683943;38.166752;57.242950
09/08/2017;982.010010;175.779999;27.825357;38.400398;57.666542
10/08/2017;956.919983;169.139999;27.800406;37.177273;56.867489
11/08/2017;967.989990;171.399994;27.658989;37.694294;56.771221
14/08/2017;983.299988;171.000000;27.708897;38.261570;57.551018
15/08/2017;982.739990;168.500000;27.767128;38.680450;56.376511
16/08/2017;978.179993;169.979996;27.750494;38.524868;56.357254
17/08/2017;960.570007;166.089996;27.409435;37.785248;55.317516
18/08/2017;958.469971;166.539993;27.176517;37.699078;52.901112
21/08/2017;953.289978;166.759995;27.251385;37.629669;51.611073
22/08/2017;966.900024;169.339996;27.575804;38.244816;52.111687
23/08/2017;958.000000;169.059998;27.650671;38.292686;51.611073
24/08/2017;952.450012;168.130005;27.642353;38.122749;51.832504
25/08/2017;945.260010;165.949997;27.775448;38.263977;51.890259
28/08/2017;946.020020;167.119995;27.841997;38.649326;51.726597
29/08/2017;954.059998;168.809998;27.866953;38.994011;50.763885
30/08/2017;967.590027;174.690002;27.825357;39.099335;50.600220
31/08/2017;980.599976;174.710007;28.216328;39.254917;51.015610
01/09/2017;978.250000;174.740005;28.249603;39.266884;51.546928
05/09/2017;965.270020;174.520004;28.116505;38.795345;51.208813
06/09/2017;967.799988;179.250000;28.274559;38.754650;50.967308
07/09/2017;979.469971;179.000000;28.274559;38.599068;50.609882
08/09/2017;965.900024;176.419998;28.366060;37.969559;50.426342
11/09/2017;977.960022;181.740005;28.549065;38.656517;51.228134
12/09/2017;982.580017;185.149994;29.422512;38.503326;51.585567
13/09/2017;999.599976;183.639999;29.164640;38.213703;51.701488
14/09/2017;992.210022;182.630005;29.721977;37.885780;51.904354
15/09/2017;986.789978;182.350006;29.414194;38.268757;52.039593
18/09/2017;974.190002;184.619995;29.572241;37.979126;51.682175
19/09/2017;969.859985;185.679993;29.489059;37.993488;51.517944
20/09/2017;973.210022;185.509995;29.938257;37.356792;51.740124
21/09/2017;964.650024;188.779999;29.921621;36.715305;51.382694
22/09/2017;955.099976;187.350006;29.913300;36.356277;51.431004
25/09/2017;939.789978;178.550003;29.538967;36.035534;51.421341
26/09/2017;938.599976;179.380005;29.364285;36.655476;51.875370
27/09/2017;950.869995;181.970001;29.489059;36.916378;50.880363
28/09/2017;956.400024;180.699997;29.613836;36.688988;50.841728
29/09/2017;961.349976;181.350006;29.697021;36.890041;50.088230
02/10/2017;959.190002;177.009995;30.004797;36.815842;50.107555
03/10/2017;957.099976;179.190002;30.063034;36.976215;49.721142
04/10/2017;965.450012;184.449997;29.913300;36.736858;50.310417
05/10/2017;980.849976;194.389999;29.946577;37.194031;50.407021
06/10/2017;989.580017;198.020004;29.988165;37.172482;50.638859
09/10/2017;990.989990;196.869995;30.063034;37.301739;49.769447
10/10/2017;987.200012;195.080002;30.279312;37.316097;49.779102
11/10/2017;995.000000;194.949997;30.320908;37.471695;49.296097
12/10/2017;1000.929993;195.860001;30.237722;37.340038;49.102894
13/10/2017;1002.940002;199.490005;30.229399;37.577011;49.247795
16/10/2017;1006.340027;202.679993;29.929934;38.268757;49.624538
17/10/2017;1009.130005;199.479996;30.112942;38.409981;50.233139
18/10/2017;997.000000;195.539993;29.805153;38.240032;50.522942
19/10/2017;986.609985;195.130005;30.146219;37.335255;50.899689
20/10/2017;982.909973;194.160004;30.295948;37.399876;51.257114
23/10/2017;966.299988;192.470001;30.279312;37.380730;51.836735
24/10/2017;975.900024;196.020004;30.171175;37.603333;51.604889
25/10/2017;972.909973;193.770004;30.079672;37.438175;53.073238
26/10/2017;972.429993;195.210007;29.730291;37.677536;54.879700
27/10/2017;1100.949951;199.539993;29.613836;39.027523;54.058575
30/10/2017;1110.849976;198.369995;29.239504;39.905975;53.392025
31/10/2017;1105.280029;196.429993;29.164640;40.461285;53.121532
01/11/2017;1103.680054;198.000000;29.331003;39.946659;53.198822
02/11/2017;1094.219971;199.320007;29.497370;40.238678;53.247116
03/11/2017;1111.599976;200.009995;29.572241;41.289471;53.817070
06/11/2017;1120.660034;200.130005;29.380911;41.708344;54.135864
07/11/2017;1123.170044;195.889999;29.414194;41.842384;53.276108
08/11/2017;1132.880005;196.440002;29.397556;42.184669;53.865376
09/11/2017;1129.130005;193.899994;29.548653;42.098503;54.222805
10/11/2017;1125.349976;192.020004;29.531868;41.959171;54.184162
13/11/2017;1129.170044;195.080002;29.632607;41.791023;54.010273
14/11/2017;1136.839966;195.710007;29.699753;41.159245;54.077904
15/11/2017;1126.689941;192.119995;29.682972;40.616352;54.705814
16/11/2017;1137.290039;195.509995;29.850857;41.101593;55.285431
17/11/2017;1129.880005;193.199997;29.691364;40.873390;57.178829
20/11/2017;1126.310059;194.100006;29.674572;40.832546;57.236794
21/11/2017;1139.489990;196.229996;29.834070;41.591640;57.372036
22/11/2017;1156.160034;196.320007;29.741730;42.028839;57.062904
24/11/2017;1186.000000;195.750000;29.792097;42.031242;57.304409
27/11/2017;1195.829956;195.050003;29.792097;41.819843;57.603886
28/11/2017;1193.599976;199.179993;30.094297;41.574829;57.555580
29/11/2017;1161.270020;188.149994;30.396502;40.712433;58.309082
30/11/2017;1176.750000;187.580002;30.438471;41.281757;58.367035
01/12/2017;1162.349976;186.820007;30.514025;41.089584;58.037506
04/12/2017;1133.949951;184.039993;30.270578;40.789307;58.250725
05/12/2017;1141.569946;184.210007;29.909620;40.750870;58.560879
06/12/2017;1152.349976;185.300003;29.850857;40.599529;57.882427
07/12/2017;1159.790039;185.199997;29.800489;40.674004;58.735348
08/12/2017;1162.000000;188.539993;30.001957;40.686008;59.413799
11/12/2017;1168.920044;186.220001;30.396502;41.478737;60.005039
12/12/2017;1165.079956;185.729996;30.707106;41.245724;60.257034
13/12/2017;1164.130005;187.860001;30.757467;41.382652;62.321499
14/12/2017;1174.260010;189.559998;30.606361;41.370640;62.544415
15/12/2017;1179.140015;190.119995;31.227549;41.791023;62.796417
18/12/2017;1190.579956;190.419998;31.168797;42.379566;62.815796
19/12/2017;1187.380005;187.020004;31.009304;41.927948;62.263340
20/12/2017;1177.619995;188.820007;30.606361;41.882305;61.633339
21/12/2017;1174.760010;188.619995;30.421682;42.040852;62.777035
22/12/2017;1168.359985;189.940002;30.337738;42.040852;61.342571
26/12/2017;1176.760010;187.759995;30.396502;40.974274;61.691505
27/12/2017;1182.260010;186.240005;30.497234;40.981483;61.013031
28/12/2017;1186.099976;192.710007;30.530815;41.096786;61.013031
29/12/2017;1169.469971;191.960007;30.404896;40.652374;60.625347
02/01/2018;1189.010010;201.070007;30.589575;41.380238;61.536419
03/01/2018;1204.199951;205.050003;30.816229;41.373032;61.526726
04/01/2018;1209.589966;205.630005;30.883387;41.565216;61.487953
05/01/2018;1229.140015;209.990005;30.942144;42.038452;62.011341
08/01/2018;1246.869995;212.050003;30.597971;41.882305;62.563805
09/01/2018;1252.699951;209.309998;30.564390;41.877506;62.117950
10/01/2018;1254.329956;212.520004;30.614754;41.867889;62.243969
11/01/2018;1276.680054;217.240005;30.690306;42.105709;62.311810
12/01/2018;1305.199951;221.229996;30.673519;42.540501;62.680103
16/01/2018;1304.859985;221.529999;30.723885;42.324310;61.468575
17/01/2018;1295.000000;217.500000;31.210770;43.023350;61.846577
18/01/2018;1293.319946;220.330002;31.051262;43.061787;62.137348
19/01/2018;1294.579956;220.460007;31.009304;42.869610;65.141968
22/01/2018;1327.310059;227.580002;31.000910;42.518894;64.347198
23/01/2018;1362.540039;250.289993;30.908567;42.528496;65.074104
24/01/2018;1357.510010;261.299988;31.000910;41.851074;65.907639
25/01/2018;1377.949951;269.700012;31.252737;41.103992;65.626564
26/01/2018;1402.050049;274.600006;32.746967;41.200081;65.946434
29/01/2018;1417.680054;284.589996;32.755356;40.347298;65.500572
30/01/2018;1437.819946;278.799988;31.731228;40.109482;65.258255
31/01/2018;1450.890015;270.299988;31.093245;40.219990;66.120880
01/02/2018;1390.000000;265.070007;31.203382;40.304066;65.568420
02/02/2018;1429.949951;267.429993;31.016991;38.555264;65.151649
05/02/2018;1390.000000;254.259995;29.373373;37.591980;62.408730
06/02/2018;1442.839966;265.720001;29.890184;39.163017;63.213188
07/02/2018;1416.780029;264.559998;29.636011;38.324650;63.610565
08/02/2018;1350.500000;250.100006;28.492254;37.270084;60.567192
09/02/2018;1339.599976;249.470001;28.941286;37.725952;63.474873
12/02/2018;1386.229980;257.950012;29.364902;39.245506;63.949810
13/02/2018;1414.510010;258.269989;29.602127;39.638657;63.843185
14/02/2018;1451.050049;266.000000;29.813931;40.369492;65.868851
15/02/2018;1461.760010;280.269989;30.254484;41.725037;66.188728
16/02/2018;1448.689941;278.519989;30.720463;41.589962;66.198433
20/02/2018;1468.349976;278.549988;30.508659;41.450069;65.413338
21/02/2018;1482.920044;281.040009;30.296850;41.261936;64.986885
22/02/2018;1485.339966;278.140015;30.279905;41.606850;65.064407
23/02/2018;1500.000000;285.929993;30.720463;42.330452;66.062729
26/02/2018;1521.949951;294.160004;31.423668;43.167404;67.506874
27/02/2018;1511.979980;290.609985;31.177967;43.027515;65.936729
28/02/2018;1512.449951;291.380005;30.762823;42.962379;64.967491
01/03/2018;1493.449951;290.390015;30.186712;42.209846;64.279343
02/03/2018;1500.250000;301.049988;30.457825;42.501698;64.055748
05/03/2018;1523.609985;315.000000;30.601851;42.648827;63.239136
06/03/2018;1537.640015;325.220001;30.398512;42.612656;63.423832
07/03/2018;1545.000000;321.160004;30.440880;42.217075;62.383629
08/03/2018;1551.859985;317.000000;30.923803;42.677765;63.297459
09/03/2018;1578.890015;331.440002;31.152546;43.411015;64.454323
12/03/2018;1598.390015;321.299988;31.016991;43.830696;64.959854
13/03/2018;1588.180054;315.880005;31.135603;43.408604;64.327942
14/03/2018;1591.000000;321.549988;30.796717;43.039566;64.357109
15/03/2018;1582.319946;321.089996;30.991587;43.090221;64.541832
16/03/2018;1571.680054;318.450012;31.161018;42.938263;64.075188
19/03/2018;1544.930054;313.480011;30.779770;42.282200;63.880756
20/03/2018;1586.510010;317.500000;30.779770;42.267731;64.940407
21/03/2018;1581.859985;316.480011;30.728937;41.310173;64.502930
22/03/2018;1544.920044;306.700012;30.161293;40.726467;62.626659
23/03/2018;1495.560059;300.940002;29.220875;39.783379;62.830822
26/03/2018;1555.859985;320.350006;29.686846;41.671970;64.065460
27/03/2018;1497.050049;300.690002;29.661432;40.603455;64.327942
28/03/2018;1431.420044;285.769989;29.907131;40.154827;63.618279
29/03/2018;1447.339966;295.350006;30.068100;40.468391;64.590439
02/04/2018;1371.989990;280.290009;29.695320;40.203072;62.335018
03/04/2018;1392.050049;283.670013;30.229071;40.615520;64.843201
04/04/2018;1410.569946;288.940002;30.610321;41.392178;66.515312
05/04/2018;1451.750000;293.970001;30.271435;41.679203;67.652740
06/04/2018;1405.229980;288.850006;29.796986;40.613106;65.669548
09/04/2018;1406.079956;289.929993;30.042679;41.015907;65.309837
10/04/2018;1436.219971;298.070007;30.457825;41.787750;65.134834
11/04/2018;1427.050049;303.670013;30.322269;41.592369;64.969589
12/04/2018;1448.500000;309.250000;30.771294;42.002415;65.883400
13/04/2018;1430.790039;311.649994;30.771294;42.144722;65.377869
16/04/2018;1441.500000;307.779999;30.949219;42.407627;65.193169
17/04/2018;1503.829956;336.059998;30.779770;42.991322;65.630646
18/04/2018;1527.839966;334.519989;30.915329;42.894844;64.357109
19/04/2018;1556.910034;332.700012;30.949219;41.679203;63.900196
20/04/2018;1527.489990;327.769989;31.033937;39.971523;64.250175
23/04/2018;1517.859985;318.690002;31.177967;39.855740;65.018188
24/04/2018;1460.089966;307.019989;31.398243;39.300983;65.105675
25/04/2018;1460.170044;305.760010;31.076300;39.472229;64.814034
26/04/2018;1517.959961;313.980011;31.220329;39.609722;66.155609
27/04/2018;1572.619995;311.760010;31.347412;39.151443;67.623581
30/04/2018;1566.130005;312.459991;31.016991;39.860565;66.486153
01/05/2018;1582.260010;313.299988;29.991846;40.786770;66.204216
02/05/2018;1569.680054;313.359985;29.559761;42.588531;66.359756
03/05/2018;1572.079956;311.690002;29.449617;42.665707;65.037621
04/05/2018;1580.949951;320.089996;29.517401;44.339626;66.204216
07/05/2018;1600.140015;326.260010;29.593651;44.660423;67.409691
08/05/2018;1592.390015;326.890015;29.636011;44.875103;66.554199
09/05/2018;1608.000000;330.299988;29.796986;45.191067;66.058403
10/05/2018;1609.079956;329.600006;29.976643;45.837475;66.029236
11/05/2018;1602.910034;326.459991;30.370169;45.663143;66.525032
14/05/2018;1601.540039;328.529999;30.678144;45.556606;66.923630
15/05/2018;1576.119995;326.130005;30.532707;45.142567;67.565239
16/05/2018;1587.280029;328.190002;30.524157;45.563873;69.354019
17/05/2018;1581.760010;325.220001;30.549822;45.275738;68.965157
18/05/2018;1574.369995;324.179993;30.489941;45.111092;69.334579
21/05/2018;1585.459961;331.820007;30.626820;45.430706;69.392906
22/05/2018;1581.400024;331.619995;30.558376;45.316906;69.324867
23/05/2018;1601.859985;344.720001;30.772259;45.607460;69.354019
24/05/2018;1603.069946;349.290009;30.703810;45.556606;70.170647
25/05/2018;1610.150024;351.290009;30.524157;45.660728;70.238693
29/05/2018;1612.869995;349.730011;30.541269;45.496067;68.945717
30/05/2018;1624.890015;353.540009;30.840696;45.399216;70.219254
31/05/2018;1629.619995;351.600006;30.738035;45.246677;69.801208
01/06/2018;1641.540039;359.929993;31.011793;46.062668;70.932076
04/06/2018;1665.270020;361.809998;31.182898;46.447643;71.975189
05/06/2018;1696.349976;365.799988;31.174335;46.805992;72.189674
06/06/2018;1695.750000;367.450012;31.123011;46.968220;72.872078
07/06/2018;1689.300049;361.399994;31.217112;46.842308;72.881836
08/06/2018;1683.989990;360.570007;31.371098;46.416172;73.018326
11/06/2018;1689.119995;361.450012;31.054571;46.302372;72.716095
12/06/2018;1698.750000;363.829987;31.054571;46.556599;72.423645
13/06/2018;1704.859985;379.929993;30.986130;46.174034;72.248169
14/06/2018;1723.859985;392.869995;30.934795;46.198250;72.823326
15/06/2018;1715.969971;391.980011;31.105898;45.723675;73.934692
18/06/2018;1723.790039;390.399994;30.934795;45.699455;73.710480
19/06/2018;1734.780029;404.980011;30.986130;44.960968;72.394394
20/06/2018;1750.079956;416.760010;31.191454;45.157097;72.842842
21/06/2018;1730.219971;415.440002;31.054571;44.905289;72.082436
22/06/2018;1715.670044;411.089996;31.234222;44.774529;71.585243
25/06/2018;1663.150024;384.480011;31.123011;44.108677;70.532364
26/06/2018;1691.089966;399.390015;31.123011;44.655884;70.737091
27/06/2018;1660.510010;390.390015;30.977570;44.590508;69.557503
28/06/2018;1701.449951;395.420013;31.105898;44.914970;69.898712
29/06/2018;1699.800049;391.429993;31.037464;44.820538;77.678230
02/07/2018;1713.780029;398.179993;31.080233;45.321751;76.381638
03/07/2018;1693.959961;390.519989;31.097343;44.532402;74.363647
05/07/2018;1699.729980;398.390015;31.542200;44.890747;74.626877
06/07/2018;1710.630005;408.250000;31.747522;45.513023;74.558617
09/07/2018;1739.020020;418.970001;31.790298;46.144978;75.338524
10/07/2018;1743.069946;415.630005;32.021278;46.089294;75.621239
11/07/2018;1755.000000;418.649994;31.833075;45.491234;75.416512
12/07/2018;1796.619995;413.500000;32.098274;46.253941;75.426277
13/07/2018;1813.030029;395.799988;32.106831;46.326584;75.436005
16/07/2018;1822.489990;400.480011;31.978508;46.224888;75.796730
17/07/2018;1843.930054;379.480011;32.209484;46.355640;75.523750
18/07/2018;1842.920044;375.130005;32.218040;46.101398;74.665863
19/07/2018;1812.969971;364.230011;31.961395;46.459751;75.016823
20/07/2018;1813.699951;361.049988;31.935740;46.353214;75.026558
23/07/2018;1802.000000;362.660004;31.833075;46.394367;74.665863
24/07/2018;1829.239990;357.320007;32.252270;46.730930;73.632477
25/07/2018;1863.609985;362.869995;32.500362;47.171604;75.221550
26/07/2018;1808.000000;363.089996;32.645794;47.023903;76.186668
27/07/2018;1817.270020;355.209991;32.859665;46.241833;74.958321
30/07/2018;1779.219971;334.959991;33.013657;45.982750;74.051674
31/07/2018;1777.439941;337.450012;34.160027;46.074760;74.977821
01/08/2018;1797.170044;338.380005;34.450890;48.789028;75.592003
02/08/2018;1834.329956;344.500000;34.209316;50.215172;76.674110
03/08/2018;1823.290039;343.089996;34.977188;50.360447;76.761833
06/08/2018;1847.750000;350.920013;35.408585;50.621956;77.512489
07/08/2018;1862.479980;351.829987;35.236027;50.147373;78.506882
08/08/2018;1886.520020;347.609985;35.727814;50.181278;78.477631
09/08/2018;1898.520020;349.359985;35.374069;50.575943;79.218536
10/08/2018;1886.300049;345.869995;35.313679;50.425297;78.701843
13/08/2018;1896.199951;341.309998;35.210140;50.750893;78.136429
14/08/2018;1919.650024;337.489990;35.123859;50.964718;78.126678
15/08/2018;1882.619995;326.399994;35.512115;51.083775;77.570992
16/08/2018;1886.520020;322.440002;35.736443;51.832146;78.038925
17/08/2018;1882.219971;316.779999;36.314499;52.867237;77.746468
20/08/2018;1876.709961;327.730011;36.521568;52.352116;80.115425
21/08/2018;1883.420044;338.019989;36.374901;52.250061;80.866074
22/08/2018;1904.900024;344.440002;36.297253;52.252495;80.563858
23/08/2018;1902.900024;339.170013;36.409409;52.359406;80.827087
24/08/2018;1905.390015;358.820007;36.581966;52.522209;80.378639
27/08/2018;1927.680054;364.579987;35.874481;52.954708;80.573616
28/08/2018;1932.819946;368.489990;35.805466;53.382347;80.505379
29/08/2018;1998.099976;368.040009;35.805466;54.179314;80.710106
30/08/2018;2002.380005;370.980011;35.805466;54.677422;79.355019
31/08/2018;2012.709961;367.679993;35.822716;55.309166;80.332291
04/09/2018;2039.510010;363.600006;35.693298;55.486542;77.791374
05/09/2018;1994.819946;341.179993;36.107433;55.124504;78.104103
06/09/2018;1958.310059;346.459991;36.047047;54.208473;78.573196
07/09/2018;1952.069946;348.679993;36.409409;53.771114;78.475471
10/09/2018;1939.010010;348.410004;36.288624;53.049461;80.234566
11/09/2018;1987.150024;355.929993;36.504318;54.390709;80.752525
12/09/2018;1990.000000;369.950012;36.590588;53.715229;81.114120
13/09/2018;1989.869995;368.149994;36.970222;55.012730;81.573441
14/09/2018;1970.189941;364.559998;37.065128;54.388279;81.592987
17/09/2018;1908.030029;350.350006;37.108265;52.940132;81.368210
18/09/2018;1941.050049;367.649994;37.539658;53.027596;83.322777
19/09/2018;1926.420044;366.959991;37.323959;53.059189;82.511627
20/09/2018;1944.300049;365.359985;37.746727;53.462528;83.430260
21/09/2018;1915.010010;361.190002;38.014187;52.886673;83.606186
24/09/2018;1934.359985;369.609985;37.902027;53.647190;82.355270
25/09/2018;1974.550049;369.429993;37.781235;53.987362;82.863457
26/09/2018;1974.849976;377.880005;37.686329;53.557297;81.798210
27/09/2018;2012.979980;380.709991;37.876141;54.657978;82.619141
28/09/2018;2003.000000;374.130005;38.022812;54.849937;82.795029
01/10/2018;2004.359985;381.429993;38.195377;55.219261;82.540939
02/10/2018;1971.310059;377.140015;38.152225;55.710079;80.889343
03/10/2018;1952.760010;377.049988;38.661278;56.387985;80.625481
04/10/2018;1909.420044;363.649994;38.566364;55.396641;78.358185
05/10/2018;1889.650024;351.350006;38.747551;54.497620;78.299561
08/10/2018;1864.420044;349.100006;39.066776;54.371277;78.407066
09/10/2018;1870.319946;355.709991;39.230709;55.124504;78.592735
10/10/2018;1755.250000;325.890015;38.402439;52.570805;73.237259
11/10/2018;1719.359985;321.100006;36.935711;52.106712;72.817024
12/10/2018;1788.609985;339.559998;37.772610;53.967926;74.185226
15/10/2018;1760.949951;333.130005;37.203171;52.813778;73.286118
16/10/2018;1819.959961;346.399994;37.902027;53.977646;75.719543
17/10/2018;1831.729980;364.700012;38.454208;53.744381;74.742264
18/10/2018;1770.719971;346.709991;37.962410;52.488186;73.882271
19/10/2018;1764.030029;332.670013;38.393806;53.287582;72.523842
22/10/2018;1789.300049;329.540009;38.281647;53.613182;73.198166
23/10/2018;1768.699951;333.160004;38.048695;54.118568;71.683380
24/10/2018;1664.199951;301.829987;36.650986;52.262215;70.481323
25/10/2018;1782.170044;312.869995;37.453373;53.406643;71.439072
26/10/2018;1642.810059;299.829987;36.754524;52.556217;70.432472
29/10/2018;1538.880005;284.839996;37.298073;51.569733;70.549736
30/10/2018;1530.420044;285.809998;37.004726;51.827282;72.817024
31/10/2018;1598.010010;301.779999;37.151402;53.178249;73.334991
01/11/2018;1665.530029;317.380005;37.677692;53.994656;75.045227
02/11/2018;1665.530029;309.100006;37.039238;50.413158;74.840012
05/11/2018;1627.800049;315.440002;37.548279;48.982002;75.768410
06/11/2018;1642.810059;310.839996;37.108265;49.511700;74.830215
07/11/2018;1755.489990;327.500000;38.307537;51.013309;76.198402
08/11/2018;1754.910034;317.920013;38.124947;50.835320;76.012711
09/11/2018;1712.430054;303.470001;38.498806;49.855137;74.625000
12/11/2018;1636.849976;294.070007;38.351006;47.343723;73.393623
13/11/2018;1631.170044;294.399994;37.838028;46.870705;73.491341
14/11/2018;1599.010010;286.730011;37.307671;45.546726;73.491341
15/11/2018;1619.439941;290.059998;37.568501;46.670769;72.641113
16/11/2018;1593.410034;286.209991;37.829330;47.187675;73.041801
19/11/2018;1512.290039;270.600006;38.411865;45.317532;70.872253
20/11/2018;1495.459961;266.980011;37.846729;43.152348;69.504051
21/11/2018;1516.729980;262.130005;37.472866;43.103588;70.725655
23/11/2018;1502.060059;258.820007;37.507645;42.008812;69.865646
26/11/2018;1581.329956;261.429993;37.681534;42.576923;71.057930
27/11/2018;1581.420044;266.630005;38.316227;42.484268;70.452011
28/11/2018;1677.750000;282.649994;39.037865;44.117905;72.963631
29/11/2018;1673.569946;288.750000;39.568222;43.778992;72.650887
30/11/2018;1690.170044;286.130005;40.194218;43.542480;73.631081
03/12/2018;1772.359985;290.299988;39.985550;45.063950;76.395172
04/12/2018;1668.400024;275.329987;39.246525;43.081646;74.287788
06/12/2018;1699.189941;282.880005;39.107414;42.601311;74.042747
07/12/2018;1629.130005;265.140015;38.185810;41.082272;71.886337
10/12/2018;1641.030029;269.700012;38.603138;41.352917;71.072800
11/12/2018;1643.239990;265.320007;38.264061;41.116405;72.111794
12/12/2018;1663.540039;274.880005;38.394474;41.231007;72.846916
13/12/2018;1658.380005;276.019989;38.750942;41.682083;71.484474
14/12/2018;1591.910034;266.839996;38.081478;40.348351;71.092407
17/12/2018;1520.910034;262.799988;37.481564;39.972862;68.514542
18/12/2018;1551.479980;270.940002;36.864258;40.492210;69.739746
19/12/2018;1495.079956;266.769989;36.490402;39.229183;67.602959
20/12/2018;1460.829956;260.579987;36.473015;38.239254;66.191505
21/12/2018;1377.449951;246.389999;36.455620;36.751911;70.935577
24/12/2018;1343.959961;233.880005;35.255787;35.800995;66.750198
26/12/2018;1470.900024;253.669998;36.681675;38.322155;71.562881
27/12/2018;1461.640015;255.570007;37.255508;38.073456;72.209801
28/12/2018;1478.020020;256.079987;37.351147;38.092960;71.886337
31/12/2018;1501.969971;267.660004;37.951061;38.461140;72.670494
02/01/2019;1539.130005;267.660004;37.603287;38.505024;72.592087
03/01/2019;1500.280029;271.200012;36.551258;34.669640;71.308044
04/01/2019;1575.390015;297.570007;37.385921;36.149662;73.170387
07/01/2019;1629.510010;315.339996;37.585892;36.069202;74.219170
08/01/2019;1656.579956;320.269989;37.759781;36.756794;75.209160
09/01/2019;1659.420044;319.959991;37.681534;37.380985;75.071930
10/01/2019;1656.219971;324.660004;36.786011;37.500465;74.905312
11/01/2019;1640.560059;337.589996;37.281593;37.132290;74.532845
14/01/2019;1617.209961;332.940002;36.838181;36.573921;74.581833
15/01/2019;1674.560059;354.640015;37.151180;37.322472;76.336372
16/01/2019;1683.780029;351.390015;36.612118;37.778423;76.140327
17/01/2019;1693.219971;353.190002;36.925117;38.002739;77.561584
18/01/2019;1696.199951;339.100006;36.977291;38.236813;78.855415
22/01/2019;1632.170044;325.160004;36.751232;37.378555;79.149475
23/01/2019;1640.020020;321.989990;36.655594;37.529724;78.904427
24/01/2019;1654.930054;326.670013;35.603573;37.232254;78.845627
25/01/2019;1670.569946;338.049988;35.334045;38.466007;79.012253
28/01/2019;1637.890015;335.660004;34.368973;38.110027;78.728004
29/01/2019;1593.880005;328.899994;35.447071;37.715031;78.629990
30/01/2019;1670.430054;340.660004;36.151314;40.292267;79.668976
31/01/2019;1718.729980;339.500000;37.230076;40.582428;80.257065
01/02/2019;1626.229980;339.850006;37.607193;40.601936;79.894417
04/02/2019;1633.310059;351.339996;37.221298;41.755226;80.364906
05/02/2019;1658.810059;355.809998;36.931881;42.469643;81.217651
06/02/2019;1640.260010;352.190002;37.124825;42.484268;81.070625
07/02/2019;1614.369995;344.709991;36.572296;41.679646;80.756981
08/02/2019;1588.219971;347.570007;37.037121;41.728615;80.727570
11/02/2019;1591.000000;345.730011;36.554760;41.488640;82.021408
12/02/2019;1638.010010;359.970001;36.721386;41.846161;83.030991
13/02/2019;1640.000000;351.769989;36.572296;41.672295;83.707306
14/02/2019;1622.650024;359.070007;36.809093;41.824120;83.001579
15/02/2019;1607.949951;356.869995;37.186218;41.731060;83.687706
19/02/2019;1627.579956;361.920013;37.361626;41.855953;82.893753
20/02/2019;1622.099976;359.910004;37.010811;42.125313;83.158417
21/02/2019;1619.439941;356.970001;36.958187;41.887783;82.286049
22/02/2019;1631.560059;363.019989;37.677353;42.355495;83.080002
25/02/2019;1633.000000;363.910004;37.782597;42.664028;83.481865
26/02/2019;1636.400024;364.970001;37.729984;42.688511;84.099380
27/02/2019;1641.089966;362.869995;37.651047;42.820747;84.462044
28/02/2019;1639.829956;358.100006;38.019394;42.399570;84.030785
01/03/2019;1671.729980;357.320007;38.028175;42.845234;85.652222
04/03/2019;1696.170044;351.040009;37.773830;43.060719;84.158516
05/03/2019;1692.430054;354.299988;37.615963;42.982357;83.961990
06/03/2019;1668.949951;359.609985;36.712620;42.735043;83.657349
07/03/2019;1625.949951;352.600006;36.300415;42.240398;83.785103
08/03/2019;1620.800049;349.600006;35.861900;42.340797;83.333054
11/03/2019;1670.619995;358.859985;36.396889;43.807579;84.335403
12/03/2019;1673.099976;356.269989;36.598606;44.299774;83.952164
13/03/2019;1690.810059;361.209991;36.844173;44.495667;84.443512
14/03/2019;1686.219971;358.820007;36.125008;44.990303;85.367256
15/03/2019;1712.359985;361.459991;36.642460;45.575550;85.298454
18/03/2019;1742.150024;363.440002;36.668766;46.040817;86.300812
19/03/2019;1761.849976;358.779999;37.098507;45.675953;86.173058
20/03/2019;1797.270020;375.220001;36.984493;46.075096;85.190361
21/03/2019;1819.260010;377.869995;37.142372;47.772057;86.487534
22/03/2019;1764.770020;361.010010;36.703846;46.782772;80.768219
25/03/2019;1774.260010;366.230011;36.738930;46.217113;80.905777
26/03/2019;1783.760010;359.970001;37.203751;45.739620;81.937614
27/03/2019;1765.699951;353.369995;36.852947;46.151005;81.652634
28/03/2019;1773.420044;354.609985;37.089745;46.212219;82.586197
29/03/2019;1780.750000;356.559998;37.247612;46.513416;82.753273
01/04/2019;1814.189941;366.959991;37.572113;46.829304;83.755623
02/04/2019;1813.979980;367.720001;37.633511;47.510036;82.910507
03/04/2019;1820.699951;369.750000;37.572113;47.835732;83.008766
04/04/2019;1818.859985;367.880005;37.484406;47.918972;83.804749
05/04/2019;1837.280029;365.489990;37.703667;48.239758;83.922676
08/04/2019;1849.859985;361.410004;37.835224;48.998871;83.264267
09/04/2019;1835.839966;364.709991;37.572113;48.851940;82.822037
10/04/2019;1847.329956;363.920013;37.475639;49.126194;83.411674
11/04/2019;1844.069946;367.649994;37.072205;48.717262;83.529602
12/04/2019;1843.060059;351.140015;36.581059;48.697666;84.748146
15/04/2019;1844.869995;348.869995;36.914337;48.785820;85.327934
16/04/2019;1863.040039;359.459991;35.888210;48.790722;86.281158
17/04/2019;1864.819946;354.739990;34.976093;49.740826;87.195084
18/04/2019;1861.689941;360.350006;34.537582;49.919586;87.656929
22/04/2019;1887.310059;377.339996;34.186768;50.083645;85.848778
23/04/2019;1923.770020;381.890015;34.572659;50.806026;85.917557
24/04/2019;1901.750000;374.230011;34.528809;50.727665;86.860954
25/04/2019;1902.250000;368.329987;34.739296;50.267300;86.045303
26/04/2019;1950.630005;374.850006;35.055023;50.027325;86.782333
29/04/2019;1938.430054;371.829987;34.721752;50.103237;86.733208
30/04/2019;1926.520020;370.540009;35.616325;49.138439;86.310638
01/05/2019;1911.520020;378.809998;35.756653;51.550426;84.414024
02/05/2019;1900.819946;379.059998;35.967140;51.214951;83.794930
03/05/2019;1962.459961;385.029999;36.300415;51.851620;84.217484
06/05/2019;1950.550049;378.670013;36.528446;51.050892;82.124336
07/05/2019;1921.000000;370.459991;35.809273;49.674709;81.112144
08/05/2019;1917.770020;364.369995;35.914520;49.684498;81.338173
09/05/2019;1899.869995;362.750000;35.958763;49.150684;81.544533
10/05/2019;1889.979980;361.040009;36.029545;48.469784;82.497749
13/05/2019;1822.680054;345.260010;35.896824;45.652740;81.102325
14/05/2019;1840.119995;345.609985;35.976456;46.375435;82.222595
15/05/2019;1871.150024;354.989990;36.410015;46.930973;82.556725
16/05/2019;1907.569946;359.309998;36.843575;46.724491;82.822037
17/05/2019;1869.000000;354.450012;36.693161;46.459011;83.107033
20/05/2019;1858.969971;348.109985;36.799332;45.006248;81.416794
21/05/2019;1857.520020;354.269989;36.870113;45.869057;82.193115
22/05/2019;1859.680054;359.730011;37.153252;44.930046;81.760727
23/05/2019;1815.479980;352.209991;37.091320;44.163101;81.210419
24/05/2019;1823.280029;354.390015;37.117863;43.993488;80.738724
28/05/2019;1836.430054;355.059998;37.073624;43.811584;79.795319
29/05/2019;1819.189941;349.190002;36.914360;43.602642;77.505638
30/05/2019;1816.319946;351.850006;37.073624;43.828793;77.888878
31/05/2019;1775.069946;343.279999;36.737396;43.034817;76.016556
03/06/2019;1692.689941;336.630005;37.091320;42.599720;76.824623
04/06/2019;1729.560059;353.399994;37.365608;44.158184;80.431313
05/06/2019;1738.500000;355.730011;37.586815;44.871044;81.515297
06/06/2019;1754.359985;357.130005;37.790325;45.529827;81.249229
07/06/2019;1804.030029;360.869995;37.976128;46.741699;82.195259
10/06/2019;1860.630005;352.010010;38.108856;47.339031;81.377335
11/06/2019;1863.699951;351.269989;37.754925;47.887196;82.047440
12/06/2019;1855.319946;345.559998;38.117702;47.734787;81.426605
13/06/2019;1870.300049;343.429993;37.604511;47.724957;82.392342
14/06/2019;1869.670044;339.730011;37.834560;47.378368;82.224808
17/06/2019;1886.030029;350.619995;37.940739;47.661045;80.914185
18/06/2019;1901.369995;357.119995;38.108856;48.781967;83.072296
19/06/2019;1908.790039;363.519989;38.489323;48.639389;82.333206
20/06/2019;1918.189941;365.209991;38.577805;49.030235;83.998596
21/06/2019;1911.300049;369.209991;38.639744;48.863079;84.501167
24/06/2019;1913.900024;371.040009;38.719376;48.813919;83.269371
25/06/2019;1878.270020;360.299988;38.719376;48.074020;81.416756
26/06/2019;1897.829956;362.200012;38.038067;49.113811;81.347771
27/06/2019;1904.280029;370.019989;38.427383;49.099064;82.441612
28/06/2019;1893.630005;367.320007;38.330063;48.651680;82.727379
01/07/2019;1922.189941;374.600006;38.728226;49.543983;84.166122
02/07/2019;1934.310059;375.429993;39.126385;49.834049;83.722672
03/07/2019;1939.000000;381.720001;39.285648;50.247021;84.944603
05/07/2019;1942.910034;380.549988;38.860947;50.202774;85.555588
08/07/2019;1952.319946;376.160004;38.312359;49.167892;87.191406
09/07/2019;1988.300049;379.929993;38.374294;49.467785;86.757828
10/07/2019;2017.410034;381.000000;38.984814;49.956955;86.166565
11/07/2019;2001.069946;379.500000;38.029221;49.593155;87.004181
12/07/2019;2011.000000;373.250000;37.516026;49.974163;87.822083
15/07/2019;2020.989990;366.600006;37.825714;50.443680;88.176849
16/07/2019;2009.900024;365.989990;37.914188;50.269142;87.309654
17/07/2019;1992.030029;362.440002;37.816868;49.986462;86.225677
18/07/2019;1977.900024;325.209991;38.100006;50.554291;86.166565
19/07/2019;1964.520020;315.100006;37.843403;49.799641;85.289520
22/07/2019;1985.630005;310.619995;37.887650;50.937756;84.717964
23/07/2019;1994.489990;307.299988;38.126553;51.335976;85.437332
24/07/2019;2000.810059;317.940002;37.949589;51.294189;85.437332
25/07/2019;1973.819946;326.459991;37.754925;50.888599;86.008896
26/07/2019;1943.050049;335.779999;38.126553;51.065586;86.265099
29/07/2019;1912.449951;332.700012;36.675461;51.542461;86.343941
30/07/2019;1898.530029;325.929993;34.321861;51.321232;85.930054
31/07/2019;1866.780029;322.989990;34.366100;52.368397;84.777092
01/08/2019;1855.319946;319.500000;34.160686;51.235191;81.909477
02/08/2019;1823.239990;318.829987;33.937420;50.151157;79.958321
05/08/2019;1765.130005;307.630005;33.008602;47.525852;77.819916
06/08/2019;1787.829956;310.100006;32.999668;48.425529;80.115982
07/08/2019;1793.400024;304.290009;32.669231;48.926994;80.096260
08/08/2019;1832.890015;315.899994;32.928226;50.006123;81.791229
09/08/2019;1807.579956;308.929993;32.463814;49.594051;80.786087
12/08/2019;1784.920044;310.829987;31.606453;49.468208;80.460876
13/08/2019;1824.339966;312.279999;31.436766;51.563107;82.106567
14/08/2019;1762.959961;299.109985;30.579395;50.028328;79.849915
15/08/2019;1776.119995;295.760010;30.793739;49.779110;78.352051
16/08/2019;1792.569946;302.799988;30.945564;50.953636;79.110840
19/08/2019;1816.119995;309.380005;31.418900;51.903625;79.948441
20/08/2019;1801.380005;298.989990;30.909838;51.906090;79.357193
21/08/2019;1823.540039;297.809998;31.142042;52.468678;81.535004
22/08/2019;1804.660034;296.929993;31.329592;52.424263;82.096695
23/08/2019;1749.619995;291.440002;30.668709;50.001186;79.268509
26/08/2019;1768.869995;294.980011;31.115250;50.951172;81.052139
27/08/2019;1761.829956;291.029999;30.668709;50.376244;80.835350
28/08/2019;1764.250000;291.769989;31.329592;50.714291;82.264236
29/08/2019;1786.400024;296.779999;31.552868;51.572975;84.136551
30/08/2019;1776.290039;293.750000;31.749348;51.506355;83.484489
03/09/2019;1789.839966;289.290009;32.258411;50.756233;83.652443
04/09/2019;1800.619995;291.519989;31.999414;51.617390;85.312248
05/09/2019;1840.719971;293.250000;32.454887;52.626595;87.357376
06/09/2019;1833.510010;290.170013;32.597778;52.621658;87.624138
09/09/2019;1831.349976;294.339996;32.892498;52.846199;87.604378
10/09/2019;1820.550049;287.989990;33.383701;53.470470;85.786484
11/09/2019;1822.989990;288.269989;33.410492;55.170570;85.707443
12/09/2019;1843.550049;288.859985;33.294392;55.047195;86.616386
13/09/2019;1839.339966;294.149994;32.963951;53.976303;86.270599
16/09/2019;1807.839966;294.290009;32.892498;54.260071;86.221191
17/09/2019;1822.550049;298.600006;32.597778;54.457470;86.537346
18/09/2019;1817.459961;291.559998;32.490608;54.968235;87.021461
19/09/2019;1821.500000;286.600006;32.606716;54.521626;86.646027
20/09/2019;1794.160034;270.750000;32.767464;53.724625;85.638290
23/09/2019;1785.300049;265.920013;32.365582;53.968906;86.636154
24/09/2019;1741.609985;254.589996;32.160168;53.712284;86.132278
25/09/2019;1768.329956;264.750000;32.061928;54.538898;89.718658
26/09/2019;1739.839966;263.309998;31.954756;54.257603;91.062309
27/09/2019;1725.449951;263.079987;32.347717;53.993587;91.200630
30/09/2019;1735.910034;267.619995;32.088718;55.264339;92.791275
01/10/2019;1735.650024;269.579987;31.642172;55.417320;91.170990
02/10/2019;1713.229980;268.029999;30.990221;54.028126;90.390488
03/10/2019;1724.420044;268.149994;31.660038;54.487080;91.111717
04/10/2019;1739.650024;272.790009;32.088718;56.014454;91.951492
07/10/2019;1732.660034;274.459991;31.999414;56.026794;92.050293
08/10/2019;1705.510010;270.720001;31.642172;55.370438;90.647362
09/10/2019;1721.989990;267.529999;31.874376;56.019390;91.408104
10/10/2019;1720.260010;280.480011;31.963688;56.774445;91.882332
11/10/2019;1731.920044;282.929993;32.249474;58.284546;92.751755
14/10/2019;1736.430054;285.529999;32.419167;58.200645;93.739746
15/10/2019;1767.380005;284.250000;32.597778;58.064941;93.650833
16/10/2019;1777.430054;286.279999;32.454887;57.830528;93.739746
17/10/2019;1787.479980;293.350006;32.562061;58.055065;94.411575
18/10/2019;1757.510010;275.299988;32.562061;58.333900;94.945076
21/10/2019;1785.660034;278.049988;32.562061;59.345562;95.063644
22/10/2019;1765.729980;266.690002;32.535267;59.209858;94.451088
23/10/2019;1762.170044;271.269989;32.838913;60.004383;91.210510
24/10/2019;1780.780029;271.500000;32.499538;60.103081;90.400360
25/10/2019;1761.329956;276.820007;32.838913;60.843334;89.827332
28/10/2019;1777.079956;281.859985;33.294392;61.452797;89.758179
29/10/2019;1762.709961;281.209991;34.124966;60.031528;88.207039
30/10/2019;1779.989990;291.450012;34.366100;60.024124;89.106110
31/10/2019;1776.660034;287.410004;34.267857;61.381241;88.473801
01/11/2019;1791.439941;286.809998;34.285721;63.123295;88.108246
04/11/2019;1804.660034;292.859985;33.964211;63.537827;88.780083
05/11/2019;1801.709961;288.029999;33.473011;63.446533;88.799835
06/11/2019;1795.770020;288.589996;33.589111;63.473675;88.404640
07/11/2019;1788.199951;289.570007;33.282524;64.206245;89.313583
08/11/2019;1785.880005;291.570007;33.408768;64.381958;88.730667
11/11/2019;1771.650024;294.179993;33.300560;64.891792;88.967789
12/11/2019;1778.000000;292.010010;33.336632;64.832382;88.424393
13/11/2019;1753.109985;283.109985;33.002991;65.453590;90.192879
14/11/2019;1754.599976;289.619995;32.957909;65.000694;90.173126
15/11/2019;1739.489990;295.029999;33.616165;65.772850;91.921860
18/11/2019;1752.530029;302.570007;33.562057;66.104492;93.048157
19/11/2019;1752.790039;302.600006;33.958820;65.904015;92.485008
20/11/2019;1745.530029;305.160004;33.408768;65.136803;91.931740
21/11/2019;1734.709961;311.690002;34.030956;64.844772;91.052429
22/11/2019;1745.719971;310.480011;34.562965;64.787834;92.218246
25/11/2019;1773.839966;315.549988;34.878574;65.923813;91.783539
26/11/2019;1796.939941;312.489990;34.526905;65.409035;92.208366
27/11/2019;1818.510010;315.929993;34.833485;66.287636;93.008629
29/11/2019;1800.800049;314.660004;34.734295;66.141602;92.607452
02/12/2019;1781.599976;309.989990;34.526905;65.376869;92.676796
03/12/2019;1769.959961;306.160004;34.310490;64.211189;91.587181
04/12/2019;1760.689941;304.320007;34.391644;64.777939;92.835289
05/12/2019;1740.479980;302.859985;34.292454;65.728294;94.885750
06/12/2019;1751.599976;307.350006;34.526905;66.997925;96.084328
09/12/2019;1749.510010;302.500000;34.553955;66.059944;95.717819
10/12/2019;1739.209961;293.119995;34.698227;66.446022;96.094231
11/12/2019;1748.719971;298.929993;34.463779;67.012764;96.262627
12/12/2019;1760.329956;298.440002;34.752331;67.183548;96.797531
13/12/2019;1760.939941;298.500000;34.562965;68.096771;96.847054
16/12/2019;1769.209961;304.209991;35.293362;69.262459;97.877235
17/12/2019;1790.660034;315.480011;35.076950;69.398575;98.709312
18/12/2019;1784.030029;320.799988;35.067936;69.232750;99.620628
19/12/2019;1792.280029;332.220001;35.140072;69.302048;100.195145
20/12/2019;1786.500000;336.899994;35.374519;69.158508;99.016388
23/12/2019;1793.000000;333.100006;35.455673;70.287064;99.095634
24/12/2019;1789.209961;333.200012;35.428619;70.353882;99.194679
26/12/2019;1868.770020;332.630005;35.509777;71.749733;99.759300
27/12/2019;1869.800049;329.089996;35.455673;71.722488;100.611183
30/12/2019;1846.890015;323.309998;35.085968;72.148178;99.848450
31/12/2019;1847.839966;323.570007;35.329433;72.675339;100.353630
02/01/2020;1898.010010;329.809998;35.293362;74.333511;101.235237
03/01/2020;1874.969971;325.899994;35.104000;73.610840;100.957878
06/01/2020;1902.880005;335.829987;35.058918;74.197395;100.868736
07/01/2020;1906.859985;330.750000;34.941692;73.848442;100.819206
08/01/2020;1891.969971;339.260010;35.221226;75.036385;100.591377
09/01/2020;1901.050049;335.660004;35.067936;76.630219;100.522034
10/01/2020;1883.160034;329.049988;35.608967;76.803459;99.947510
13/01/2020;1891.300049;338.920013;35.536827;78.444321;101.195625
14/01/2020;1869.439941;338.690002;36.131962;77.385063;101.948441
15/01/2020;1862.020020;339.070007;36.672997;77.053429;101.819672
16/01/2020;1877.939941;338.619995;36.618889;78.018631;102.394196
17/01/2020;1864.719971;339.670013;36.528725;78.882370;103.543236
21/01/2020;1892.000000;338.109985;36.375427;78.347801;103.592773
22/01/2020;1887.459961;326.000000;36.240173;78.627464;103.503616
23/01/2020;1884.579956;349.600006;36.709064;79.006119;102.047485
24/01/2020;1861.640015;353.160004;35.906532;78.778435;101.066841
27/01/2020;1828.339966;342.880005;36.213116;76.461929;99.293739
28/01/2020;1853.250000;348.519989;34.391644;78.624992;99.462143
29/01/2020;1858.000000;343.160004;33.886677;80.270790;98.897514
30/01/2020;1870.680054;347.739990;33.768257;80.154472;97.263092
31/01/2020;2008.719971;345.089996;33.923119;76.600517;95.390938
03/02/2020;2004.199951;358.000000;34.169064;76.390160;98.332893
04/02/2020;2049.669922;369.010010;34.333035;78.912079;100.422981
05/02/2020;2039.869995;369.670013;34.770283;79.555550;99.590912
06/02/2020;2050.229980;366.950012;34.852268;80.486107;99.323448
07/02/2020;2079.280029;366.769989;34.660973;79.392090;98.501289
10/02/2020;2133.909912;371.070007;34.442341;79.769165;99.075813
11/02/2020;2150.800049;373.690002;34.697407;79.287888;99.075813
12/02/2020;2160.000000;380.010010;34.378582;81.170799;102.027679
13/02/2020;2149.870117;381.399994;33.640732;80.592773;102.394196
14/02/2020;2134.870117;380.399994;33.258137;80.612625;102.562592
18/02/2020;2155.669922;387.779999;33.085056;79.136566;101.037132
19/02/2020;2170.219971;386.190002;33.003075;80.282684;101.492783
20/02/2020;2153.100098;386.000000;32.656918;79.459068;101.562111
21/02/2020;2095.969971;380.070007;32.538498;77.660507;99.303642
24/02/2020;2009.290039;368.700012;31.582020;73.971603;95.004608
25/02/2020;1972.739990;360.089996;30.907928;71.466019;92.023033
26/02/2020;1979.589966;379.239990;31.627567;72.599739;91.131516
27/02/2020;1884.300049;371.709991;31.062788;67.854019;87.714088
28/02/2020;1883.750000;369.029999;30.443357;67.814331;88.781891
02/03/2020;1953.949951;381.049988;31.773317;74.127892;92.059814
03/03/2020;1908.989990;368.769989;31.244972;71.773636;90.321526
04/03/2020;1975.829956;383.790009;33.157932;75.102829;93.162384
05/03/2020;1924.030029;372.779999;32.301655;72.666725;89.973869
06/03/2020;1901.089966;368.970001;31.900845;71.701706;87.768715
09/03/2020;1800.609985;346.489990;30.753071;66.030655;83.547165
10/03/2020;1891.819946;364.130005;31.509144;70.786301;87.709129
11/03/2020;1820.859985;349.920013;29.304689;68.327858;83.437904
12/03/2020;1676.609985;315.250000;27.346186;61.580158;73.703468
13/03/2020;1785.000000;336.299988;29.796595;68.957970;75.074242
16/03/2020;1689.150024;298.839996;27.491932;60.086731;66.343063
17/03/2020;1807.839966;319.750000;29.295582;62.728752;69.372658
18/03/2020;1830.000000;315.470001;29.477766;61.193157;67.584694
19/03/2020;1880.930054;332.029999;27.710558;60.724293;69.869308
20/03/2020;1846.089966;332.829987;26.426146;56.869179;66.998642
23/03/2020;1902.829956;360.269989;25.952459;55.661041;62.379765
24/03/2020;1940.099976;357.320007;27.054686;61.245258;71.845993
25/03/2020;1885.839966;342.390015;27.100231;60.907871;78.481293
26/03/2020;1955.489990;362.989990;28.922100;64.113029;83.735893
27/03/2020;1900.099976;357.119995;28.147806;61.458603;82.673058
30/03/2020;1963.949951;370.959991;29.760155;63.212502;84.808662
31/03/2020;1949.719971;375.500000;29.732828;63.083504;82.186333
01/04/2020;1907.699951;364.079987;28.922100;59.764240;78.699821
02/04/2020;1918.829956;370.079987;29.942343;60.761501;79.603729
03/04/2020;1906.589966;361.760010;30.643761;59.888275;78.332298
06/04/2020;1997.589966;379.959991;31.490927;65.112770;84.063675
07/04/2020;2011.599976;372.279999;30.616430;64.358627;83.596832
08/04/2020;2043.000000;371.119995;31.518255;66.005852;84.729202
09/04/2020;2042.760010;370.720001;32.237896;66.482155;86.209229
13/04/2020;2168.870117;396.720001;32.010159;67.787041;83.894821
14/04/2020;2283.320068;413.549988;33.194370;71.210495;86.884682
15/04/2020;2307.679932;426.750000;32.766232;70.560539;84.470940
16/04/2020;2408.189941;439.170013;32.684246;71.121201;85.722519
17/04/2020;2375.000000;422.959991;33.622505;70.156174;89.308357
20/04/2020;2393.610107;437.489990;32.866436;68.699974;87.311806
21/04/2020;2328.120117;433.829987;32.447403;66.576424;84.629868
22/04/2020;2363.489990;421.420013;33.021290;68.494064;88.175980
23/04/2020;2399.449951;426.700012;33.422100;68.228622;86.765480
24/04/2020;2410.219971;424.989990;34.050648;70.198349;87.778664
27/04/2020;2376.000000;421.380005;34.916031;70.247971;88.771973
28/04/2020;2314.080078;403.829987;34.533443;69.109299;88.205788
29/04/2020;2372.709961;411.890015;34.724739;71.379196;87.480667
30/04/2020;2474.000000;419.850006;34.943359;72.885025;86.596619
01/05/2020;2286.040039;415.269989;34.287487;71.711632;84.967598
04/05/2020;2315.989990;428.149994;34.269272;72.726265;85.176186
05/05/2020;2317.800049;424.679993;35.080002;73.817802;86.616486
06/05/2020;2351.260010;434.260010;35.080002;74.579391;87.848183
07/05/2020;2367.610107;436.529999;34.003586;75.350914;87.967384
08/05/2020;2379.610107;435.549988;34.242790;77.144394;89.854675
11/05/2020;2409.000000;440.519989;35.052399;78.358284;90.321526
12/05/2020;2356.949951;431.820007;34.371590;77.462791;87.669395
13/05/2020;2367.919922;438.269989;34.086388;76.527496;85.444374
14/05/2020;2388.850098;441.950012;34.886795;76.997635;85.970840
15/05/2020;2409.780029;454.190002;34.739594;76.542412;86.407890
18/05/2020;2426.260010;452.579987;35.024803;78.345848;90.430786
19/05/2020;2449.330078;451.040009;34.665997;77.893127;90.897644
20/05/2020;2497.939941;447.670013;34.619995;79.408005;92.328003
21/05/2020;2446.739990;436.250000;34.279591;78.815979;93.629250
22/05/2020;2436.879883;429.320007;34.500393;79.323433;93.122658
26/05/2020;2421.860107;414.769989;34.491192;78.786133;95.973457
27/05/2020;2410.389893;419.890015;34.417591;79.129402;99.201706
28/05/2020;2401.100098;413.440002;35.125996;79.164230;97.801132
29/05/2020;2442.370117;419.730011;35.135204;79.087120;98.164604
01/06/2020;2471.040039;425.920013;32.623569;80.059723;99.120552
02/06/2020;2472.409912;427.309998;33.267578;80.430351;100.315491
03/06/2020;2478.399902;421.970001;33.267578;80.873131;103.671295
04/06/2020;2460.600098;414.329987;33.129574;80.176636;100.853218
05/06/2020;2483.000000;419.600006;33.111176;82.460152;102.277199
08/06/2020;2524.060059;419.489990;33.663185;82.947685;103.850540
09/06/2020;2600.860107;434.049988;33.313580;85.567009;102.197533
10/06/2020;2647.449951;434.480011;33.046776;87.768440;101.689682
11/06/2020;2557.959961;425.559998;30.636349;83.554642;94.768967
12/06/2020;2545.020020;418.070007;31.050354;84.276009;96.023666
15/06/2020;2572.679932;425.500000;30.691549;85.318260;97.427719
16/06/2020;2615.270020;436.130005;30.728350;87.579391;98.622665
17/06/2020;2640.979980;447.769989;30.875551;87.457504;98.791946
18/06/2020;2653.979980;449.869995;30.581148;87.492332;98.035141
19/06/2020;2675.010010;453.720001;30.746752;86.992348;95.376396
22/06/2020;2713.820068;468.040009;30.461544;89.268394;99.090683
23/06/2020;2764.409912;466.260010;30.148743;91.173805;101.490524
24/06/2020;2734.399902;457.850006;29.615135;89.564407;99.658279
25/06/2020;2754.580078;465.910004;29.734737;90.753426;100.972725
26/06/2020;2692.870117;443.399994;29.477135;87.964951;93.275291
29/06/2020;2680.379883;447.239990;30.029142;89.992256;95.466019
30/06/2020;2758.820068;455.040009;30.084341;90.743469;97.636833
01/07/2020;2878.699951;485.640015;31.041153;90.571838;96.989571
02/07/2020;2890.300049;476.890015;31.749561;90.571838;98.015228
06/07/2020;3057.040039;493.809998;31.749561;92.994652;99.528824
07/07/2020;3000.120117;493.160004;31.307959;92.706093;96.660957
08/07/2020;3081.110107;502.779999;31.050354;94.865234;98.423500
09/07/2020;3182.629883;507.760010;30.783550;95.273193;96.581299
10/07/2020;3200.000000;548.729980;31.123955;95.439842;97.577080
13/07/2020;3104.000000;525.500000;32.393566;94.999557;96.053535
14/07/2020;3084.000000;524.880005;32.411972;96.571655;96.352272
15/07/2020;3008.870117;523.260010;32.862774;97.235809;98.124763
16/07/2020;2999.899902;527.390015;32.752373;96.039330;96.850166
17/07/2020;2961.969971;492.989990;33.350376;95.845299;95.874290
20/07/2020;3196.840088;502.410004;33.580379;97.865143;95.246948
21/07/2020;3138.290039;490.100006;33.755180;96.514442;97.945526
22/07/2020;3099.909912;489.820007;35.475601;96.785568;98.493210
23/07/2020;2986.550049;477.579987;35.337601;92.380234;97.885780
24/07/2020;3008.909912;480.450012;34.647594;92.151382;98.015228
27/07/2020;3055.209961;495.649994;34.537193;94.335396;96.800369
28/07/2020;3000.330078;488.510010;35.898808;92.785706;95.864334
29/07/2020;3033.530029;484.480011;36.119614;94.564247;96.561378
30/07/2020;3051.879883;485.799988;35.989552;95.708496;96.412018
31/07/2020;3164.679932;488.880005;35.748009;105.728088;97.198685
03/08/2020;3111.889893;498.619995;35.627243;108.392181;97.915657
04/08/2020;3138.830078;509.640015;35.664398;109.116043;96.919868
05/08/2020;3205.030029;502.109985;35.720139;109.511551;100.514664
06/08/2020;3225.000000;509.079987;35.552921;113.332329;100.026718
07/08/2020;3167.459961;494.730011;35.720139;110.755638;101.430786
10/08/2020;3148.159912;483.380005;35.664398;112.365448;104.965820
11/08/2020;3080.669922;466.929993;35.106995;109.023705;104.677048
12/08/2020;3162.239990;475.470001;35.608658;112.647041;104.776619
13/08/2020;3161.020020;481.329987;35.460018;114.640610;106.071136
14/08/2020;3148.020020;482.679993;35.357830;114.538445;105.981522
17/08/2020;3182.409912;482.350006;35.627243;114.239403;105.214767
18/08/2020;3312.489990;491.869995;35.636528;115.191338;106.519249
19/08/2020;3260.479980;484.529999;35.543629;115.335869;107.933258
20/08/2020;3297.370117;497.899994;35.970974;117.895126;107.554863
21/08/2020;3284.719971;492.309998;36.119614;123.970551;109.287529
24/08/2020;3307.459961;488.809998;36.082451;125.453270;111.358772
25/08/2020;3346.489990;490.579987;35.682980;124.424088;111.040115
26/08/2020;3441.850098;547.530029;35.348541;126.116135;111.060036
27/08/2020;3400.000000;526.270020;35.172028;124.608498;110.372932
28/08/2020;3401.800049;523.890015;35.218483;124.406647;112.064537
31/08/2020;3450.959961;529.559998;35.106995;128.625549;111.665337
01/09/2020;3499.120117;556.549988;34.261604;133.749039;114.609406
02/09/2020;3531.449951;552.840027;34.558887;130.977966;116.565483
03/09/2020;3368.000000;525.750000;33.815685;120.491753;112.623405
04/09/2020;3294.620117;516.049988;33.778526;120.571503;112.174316
08/09/2020;3149.840088;507.019989;33.379055;112.457649;112.493668
09/09/2020;3268.610107;500.190002;33.611309;116.943192;114.669296
10/09/2020;3175.110107;480.670013;33.118931;113.125496;114.559517
11/09/2020;3116.219971;482.029999;33.509113;111.640282;117.763069
14/09/2020;3102.969971;476.260010;34.382378;114.989487;119.040497
15/09/2020;3156.129883;495.989990;34.335926;115.168915;119.030518
16/09/2020;3078.100098;483.859985;34.168709;111.769859;118.351883
17/09/2020;3008.729980;470.200012;34.205864;109.985611;116.126358
18/09/2020;2954.909912;469.959991;34.029358;106.496849;114.429779
21/09/2020;2960.469971;487.350006;33.462666;109.726448;113.142365
22/09/2020;3128.989990;491.170013;33.676331;111.450882;116.635338
23/09/2020;2999.860107;470.609985;33.444084;106.775963;126.854774
24/09/2020;3019.790039;473.079987;33.221127;107.872421;124.499512
25/09/2020;3095.129883;482.880005;33.490536;111.919373;123.980560
28/09/2020;3174.050049;490.649994;33.806393;114.590767;124.070381
29/09/2020;3144.879883;493.480011;33.602013;113.723564;126.096298
30/09/2020;3148.729980;500.029999;34.094383;115.438042;125.287926
01/10/2020;3221.260010;527.510010;33.787815;116.414894;126.385719
02/10/2020;3125.000000;503.059998;33.797104;112.657005;126.385719
05/10/2020;3199.199951;520.650024;34.140835;116.125824;127.653175
06/10/2020;3099.959961;505.869995;33.602013;112.796555;127.393692
07/10/2020;3195.689941;534.659973;33.880714;114.710388;129.798843
08/10/2020;3190.550049;531.789978;34.270897;114.600739;129.449554
09/10/2020;3286.649902;539.440002;34.177998;116.594315;130.716995
12/10/2020;3442.929932;539.809998;34.205864;124.000458;129.200058
13/10/2020;3443.629883;554.090027;34.280186;120.711044;128.940582
14/10/2020;3363.709961;541.450012;34.243027;120.800766;127.403671
15/10/2020;3338.649902;541.940002;33.955036;120.322304;128.740982
16/10/2020;3272.709961;530.789978;35.255638;118.637726;127.742989
19/10/2020;3207.209961;530.719971;35.116287;115.607498;127.174133
20/10/2020;3217.010010;525.419983;34.828297;117.132591;128.232010
21/10/2020;3184.939941;489.049988;34.447407;116.494644;129.170105
22/10/2020;3176.399902;485.230011;34.772556;115.378235;129.758942
23/10/2020;3204.399902;488.279999;35.469307;114.670517;129.729004
26/10/2020;3207.040039;488.239990;35.227768;114.680489;128.112244
27/10/2020;3286.330078;488.929993;34.772556;116.225510;127.733009
28/10/2020;3162.780029;486.239990;32.933136;110.842850;121.834877
29/10/2020;3211.010010;504.209991;32.775200;114.949615;122.613312
30/10/2020;3036.149902;475.739990;32.961002;108.510361;119.838890
02/11/2020;3004.479980;484.119995;33.657753;108.420654;122.144249
03/11/2020;3048.409912;487.220001;33.620590;110.085289;124.339828
04/11/2020;3241.159912;496.950012;34.679657;114.580803;127.084312
05/11/2020;3322.000000;513.760010;34.154064;118.647697;129.439575
06/11/2020;3311.370117;514.729980;34.163448;118.512909;128.641174
09/11/2020;3143.739990;470.500000;36.791409;116.146439;128.691071
10/11/2020;3035.020020;480.239990;36.303360;115.796967;127.453568
11/11/2020;3137.389893;490.760010;36.134418;119.311707;127.403671
12/11/2020;3110.280029;486.769989;35.242790;119.032127;126.385719
13/11/2020;3128.810059;482.839996;36.247044;119.082054;128.022430
16/11/2020;3131.060059;479.100006;35.036308;120.120506;129.848755
17/11/2020;3135.659912;480.630005;35.652153;119.211861;131.944550
18/11/2020;3105.459961;481.790009;35.929138;117.853889;131.365707
19/11/2020;3117.020020;484.670013;35.800537;118.462982;131.645142
20/11/2020;3099.399902;488.239990;36.305050;117.164917;132.712982
23/11/2020;3098.389893;476.619995;36.126987;113.680122;133.860687
24/11/2020;3118.060059;482.880005;36.206123;114.998154;134.429535
25/11/2020;3185.070068;485.000000;36.136875;115.856873;135.267838
27/11/2020;3195.340088;491.359985;36.829346;116.416031;133.980438
30/11/2020;3168.040039;490.700012;37.897724;118.872368;134.429535
01/12/2020;3220.080078;504.579987;38.985886;122.536896;135.168045
02/12/2020;3203.530029;503.380005;40.360924;122.896355;135.307770
03/12/2020;3186.729980;497.519989;39.658566;122.756569;136.684998
04/12/2020;3162.580078;498.309998;39.905876;122.067596;137.190002
07/12/2020;3158.000000;515.780029;40.806084;123.565353;138.750000
08/12/2020;3177.290039;512.659973;42.101986;124.194412;139.119995
09/12/2020;3104.199951;493.600006;41.399624;121.598289;138.789993
10/12/2020;3101.489990;501.089996;41.280918;123.056114;137.580002
11/12/2020;3116.419922;503.220001;40.677483;122.227356;137.410004
14/12/2020;3156.969971;522.419983;38.788036;121.598289;136.279999
15/12/2020;3165.120117;519.780029;38.293415;127.689186;139.389999
16/12/2020;3240.959961;524.830017;37.432781;127.619293;138.339996
17/12/2020;3236.080078;532.900024;37.620735;128.507965;140.500000
18/12/2020;3201.649902;534.450012;37.274502;126.471016;137.279999
21/12/2020;3206.179932;528.909973;36.977734;128.038666;144.020004
22/12/2020;3206.520020;527.330017;36.344620;131.683228;142.449997
23/12/2020;3185.270020;514.479980;37.037083;130.764603;141.759995
24/12/2020;3172.689941;513.969971;36.868916;131.773087;141.600006
28/12/2020;3283.959961;519.119995;36.423756;136.486053;142.429993
29/12/2020;3322.000000;530.869995;36.651279;134.668762;141.570007
30/12/2020;3285.850098;524.590027;36.344620;133.520477;141.580002
31/12/2020;3256.929932;540.729980;36.413868;132.492020;141.470001
04/01/2021;3186.629883;522.859985;36.413868;129.216919;140.100006
05/01/2021;3218.510010;520.799988;36.789776;130.814514;141.229996
06/01/2021;3138.379883;500.489990;36.473217;126.411102;142.350006
07/01/2021;3162.159912;508.890015;36.661175;130.724655;144.949997
08/01/2021;3182.699951;510.399994;36.730423;131.852966;146.350006
11/01/2021;3114.209961;499.100006;37.363533;128.787552;147.050003
12/01/2021;3120.830078;494.250000;36.779884;128.607819;145.050003
13/01/2021;3165.889893;507.790009;36.463326;130.694702;143.039993
14/01/2021;3127.469971;500.859985;36.354511;128.717667;141.300003
15/01/2021;3104.250000;497.980011;36.305050;126.950294;140.720001
19/01/2021;3120.760010;501.769989;36.334724;127.639267;139.270004
20/01/2021;3263.379883;586.340027;36.107201;131.832993;142.800003
21/01/2021;3306.989990;579.840027;36.087418;136.665771;141.610001
22/01/2021;3292.229980;565.169983;36.156662;138.862503;139.350006
25/01/2021;3294.000000;556.780029;36.878807;142.706757;137.550003
26/01/2021;3326.129883;561.929993;36.908485;142.946396;135.100006
27/01/2021;3232.580078;523.280029;35.850002;141.848038;131.020004
28/01/2021;3237.620117;538.599976;35.860001;136.885452;134.720001
29/01/2021;3206.199951;532.390015;35.900002;131.763107;133.589996
01/02/2021;3342.879883;539.039978;35.799999;133.939850;135.710007
